City_ID,City,Lat,Lng,Max Temp,Humidity,Cloudiness,Wind Speed,Country,Date
0,jamestown,42.097,-79.2353,49.01,44,100,11.5,US,1682445754
1,guerrero negro,27.9769,-114.0611,66.42,56,70,10.6,MX,1682445803
2,lompoc,34.6391,-120.4579,64.62,87,40,10.36,US,1682445798
3,talnakh,69.4865,88.3972,34.21,85,84,6.13,RU,1682445940
4,port saint john's,-31.6229,29.5448,71.33,91,97,5.37,ZA,1682445940
5,kogalym,62.2654,74.4791,30.52,98,100,8.57,RU,1682445940
6,port-aux-francais,-49.35,70.2167,39.85,79,9,25.39,TF,1682445940
7,adamstown,-25.066,-130.1015,77.14,83,4,11.63,PN,1682445796
8,blackmans bay,-43.0167,147.3167,55.53,81,0,5.57,AU,1682445941
9,punta arenas,-53.15,-70.9167,48.31,57,40,20.71,CL,1682445941
10,albany,42.6001,-73.9662,53.78,54,81,1.99,US,1682445922
11,dowlatabad,32.7998,51.6955,58.68,58,0,4.61,IR,1682445941
12,gamay,12.3854,125.2979,77.22,85,87,4.76,PH,1682445941
13,georgetown,5.4112,100.3354,82.33,93,20,5.99,MY,1682445941
14,kungur,57.4368,56.9593,56.28,56,66,7.09,RU,1682445942
15,beidao,34.5686,105.8933,52.29,70,22,5.77,CN,1682445942
16,teknaf,20.8624,92.3058,78.28,72,27,6.98,BD,1682445942
17,wailua homesteads,22.0669,-159.378,72.12,81,87,4.0,US,1682445805
18,grytviken,-54.2811,-36.5092,39.04,98,100,10.42,GS,1682445942
19,waitangi,-43.9535,-176.5597,59.83,83,75,8.99,NZ,1682445784
20,chernyshevskiy,63.0128,112.4714,19.92,97,100,3.74,RU,1682445791
21,mata-utu,-13.2816,-176.1745,81.63,76,99,4.52,WF,1682445943
22,port alfred,-33.5906,26.891,68.18,94,96,4.0,ZA,1682445943
23,majene,-3.5403,118.9707,78.22,86,100,3.89,ID,1682445943
24,edinburgh of the seven seas,-37.0676,-12.3116,59.85,59,74,26.49,SH,1682445943
25,zhangzhou,24.5133,117.6556,66.13,83,62,2.64,CN,1682445944
26,loganville,33.839,-83.9007,70.92,54,20,10.36,US,1682445697
27,port blair,11.6667,92.75,82.2,75,64,2.04,IN,1682445774
28,olonkinbyen,70.9221,-8.7187,25.39,70,95,12.95,SJ,1682445944
29,ksar el boukhari,35.8889,2.7491,75.97,24,52,7.61,DZ,1682445944
30,east london,-33.0153,27.9116,70.74,88,75,8.05,ZA,1682445944
31,ushuaia,-54.8,-68.3,46.06,57,40,9.22,AR,1682445945
32,arraial do cabo,-22.9661,-42.0278,82.36,73,20,18.41,BR,1682445945
33,vorgashor,67.5833,63.95,11.91,95,11,7.78,RU,1682445945
34,la passe,45.5549,-0.8967,57.43,90,100,7.96,FR,1682445945
35,hermanus,-34.4187,19.2345,58.8,78,30,1.5,ZA,1682445946
36,touros,-5.1989,-35.4608,82.83,75,95,12.46,BR,1682445895
37,nazca,-14.8333,-74.95,84.54,45,7,6.4,PE,1682445946
38,bafata,12.1667,-14.75,105.28,12,1,1.81,GW,1682445946
39,st. john's,47.5649,-52.7093,39.67,94,100,18.99,CA,1682445874
40,thompson,55.7435,-97.8558,42.96,36,20,4.61,CA,1682445947
41,tolanaro,-25.0319,46.9987,71.67,73,40,6.91,MG,1682445947
42,puerto natales,-51.7236,-72.4875,50.45,50,20,21.85,CL,1682445745
43,villa ojo de agua,-29.5,-63.6938,71.53,54,25,7.63,AR,1682445947
44,invercargill,-46.4,168.35,53.02,82,95,1.99,NZ,1682445725
45,afaahiti,-17.75,-149.2833,75.07,85,100,15.52,PF,1682445947
46,tura,25.5198,90.2201,73.31,43,15,3.11,IN,1682445947
47,ribeira brava,32.65,-17.0667,73.13,72,49,2.86,PT,1682445948
48,mpongwe,-13.5091,28.155,64.4,69,1,5.95,ZM,1682445948
49,savanna-la-mar,18.219,-78.1332,85.93,63,74,4.43,JM,1682445948
50,male,4.1748,73.5089,85.95,84,75,5.75,MV,1682445948
51,tutoia,-2.7619,-42.2744,81.64,84,40,8.9,BR,1682445948
52,badger,64.8,-147.5333,24.67,46,40,9.22,US,1682445948
53,port mathurin,-19.6833,63.4167,79.16,79,14,20.13,MU,1682445671
54,margaret river,-33.95,115.0667,60.37,70,100,21.41,AU,1682445797
55,puerto ayora,-0.7393,-90.3518,84.16,89,3,4.0,EC,1682445805
56,peterhead,57.5058,-1.7981,43.2,58,74,15.41,GB,1682445949
57,hamilton,39.1834,-84.5333,58.93,38,94,3.0,US,1682445656
58,ulsteinvik,62.3432,5.8487,38.91,81,100,13.0,NO,1682445949
59,catia la mar,10.6038,-67.0303,91.99,62,75,6.91,VE,1682445949
60,polyarnyy,69.1989,33.4478,25.5,82,17,10.65,RU,1682445949
61,meulaboh,4.1363,96.1285,78.08,88,80,3.74,ID,1682445949
62,walvis bay,-22.9575,14.5053,65.08,68,17,18.07,,1682445950
63,bredasdorp,-34.5322,20.0403,59.88,77,29,2.42,ZA,1682445950
64,west island,-12.1568,96.8225,78.78,83,75,19.57,CC,1682445950
65,iqaluit,63.7506,-68.5145,31.73,100,75,3.44,CA,1682445950
66,iskateley,67.6803,53.1512,21.4,88,9,13.15,RU,1682445950
67,las tablas,7.7667,-80.2833,85.82,64,41,10.47,PA,1682445950
68,utrik,11.2278,169.8474,80.73,78,89,18.66,MH,1682445950
69,suntar,62.1444,117.6319,23.38,98,100,3.47,RU,1682445951
70,baker city,44.7749,-117.8344,51.51,43,0,11.5,US,1682445947
71,vernon,50.2581,-119.2691,58.3,48,99,3.44,CA,1682445951
72,kapuskasing,49.4169,-82.4331,32.09,86,100,10.36,CA,1682445951
73,musoma,-1.5,33.8,69.82,88,75,0.0,TZ,1682445951
74,barguzin,53.6167,109.6167,29.55,64,62,0.04,RU,1682445952
75,bang saphan,11.2126,99.5117,78.26,86,85,3.65,TH,1682445952
76,puerto deseado,-47.7503,-65.8938,51.84,61,100,10.67,AR,1682445720
77,aykhal,66.0,111.5,15.71,95,100,7.65,RU,1682445952
78,paracuru,-3.41,-39.0306,83.08,72,98,10.42,BR,1682445952
79,dakhla,23.6848,-15.958,69.82,78,6,21.85,EH,1682445952
80,wynyard,-41.0,145.7167,49.98,89,0,3.89,AU,1682445953
81,mar del plata,-38.0023,-57.5575,68.95,82,75,4.61,AR,1682445786
82,ust-nera,64.5667,143.2,9.41,99,83,4.68,RU,1682445809
83,ribeira grande,38.5167,-28.7,64.8,94,40,15.01,PT,1682445788
84,kodiak,57.79,-152.4072,34.27,99,100,10.85,US,1682445806
85,hovd,48.0056,91.6419,30.81,50,34,11.92,MN,1682445953
86,champagnole,46.7445,5.9135,51.49,72,100,1.5,FR,1682445953
87,buaran,-7.05,109.55,80.89,90,100,2.26,ID,1682445953
88,robertsport,6.7533,-11.3686,84.18,77,81,11.86,LR,1682445954
89,saipan,15.1355,145.701,81.3,100,75,18.41,MP,1682445954
90,saldanha,-33.0117,17.9442,62.65,76,1,10.67,ZA,1682445954
91,bonthe,7.5264,-12.505,85.44,69,98,12.35,SL,1682445954
92,klyuchi,52.2667,79.1667,43.63,57,18,10.78,RU,1682445954
93,bandon,51.7469,-8.7425,47.79,91,100,14.7,IE,1682445954
94,kapa'a,22.0752,-159.319,74.48,77,100,9.22,US,1682445955
95,belyy yar,53.6039,91.3903,30.09,59,0,8.95,RU,1682445955
96,mchinji,-13.7984,32.8802,62.04,80,2,3.22,MW,1682445955
97,cestos city,5.46,-9.5828,83.14,77,98,8.95,LR,1682445955
98,papatowai,-46.5619,169.4708,47.62,72,74,17.38,NZ,1682445955
99,mermoz boabab,14.7065,-17.4758,82.96,83,0,13.8,SN,1682445955
100,port elizabeth,-33.918,25.5701,68.09,90,0,3.44,ZA,1682445781
101,bilibino,68.0546,166.4372,6.87,75,96,3.27,RU,1682445782
102,steinbach,50.1667,8.5667,52.0,50,0,11.5,DE,1682445956
103,bardai,11.65,7.2333,93.07,18,95,4.0,NG,1682445956
104,papao,-17.75,-149.55,76.68,84,100,16.31,PF,1682445956
105,usogorsk,63.4106,48.6872,30.16,99,88,4.23,RU,1682445956
106,kanniyakumari,8.0833,77.5667,83.07,76,99,2.86,IN,1682445956
107,puerto leguizamo,-0.1934,-74.7819,88.0,52,39,2.55,CO,1682445956
108,timbuktu,16.7735,-3.0074,97.16,6,0,10.94,ML,1682445700
109,moab,38.5733,-109.5498,58.6,26,85,3.0,US,1682445660
110,tiksi,71.6872,128.8694,6.78,99,100,4.36,RU,1682445957
111,bethel,41.3712,-73.414,58.62,46,77,1.99,US,1682445712
112,taltal,-25.4,-70.4833,67.93,74,9,5.75,CL,1682445957
113,malabar,-33.9667,151.25,60.51,88,20,6.91,AU,1682445957
114,borgarnes,64.5383,-21.9206,44.65,33,51,10.11,IS,1682445957
115,okahandja,-21.9833,16.9167,79.39,35,48,8.23,,1682445957
116,howrah,22.5892,88.3103,86.0,70,40,3.44,IN,1682445957
117,petropavlovsk-kamchatsky,53.0452,158.6483,30.79,74,75,4.47,RU,1682445940
118,hadibu,12.65,54.0333,82.62,71,71,3.24,YE,1682445958
119,kharkhorin,47.1975,102.8238,43.29,38,100,5.37,MN,1682445958
120,kistelek,46.4725,19.9797,46.85,88,71,7.99,HU,1682445958
121,longyearbyen,78.2186,15.6401,24.64,58,0,2.3,SJ,1682445711
122,turpan,42.9333,89.1667,68.79,24,100,6.51,CN,1682445958
123,stanley,54.868,-1.6985,43.79,62,20,8.05,GB,1682445786
124,hassi messaoud,31.6804,6.0729,94.86,10,0,3.44,DZ,1682445959
125,pisco,-13.7,-76.2167,75.25,73,0,9.22,PE,1682445904
126,muramatsu,37.6833,139.1833,52.21,85,100,12.53,JP,1682445959
127,lahij,13.1667,44.5833,85.37,42,84,6.02,YE,1682445959
128,kingston,17.997,-76.7936,87.24,64,20,10.36,JM,1682445810
129,morondava,-20.2833,44.2833,77.72,75,0,11.72,MG,1682445959
130,tamanrasset,22.785,5.5228,85.91,10,0,3.44,DZ,1682445959
131,mpanda,-6.3655,31.0409,67.42,95,75,0.81,TZ,1682445960
132,quellon,-43.1167,-73.6167,50.25,100,100,0.0,CL,1682445960
133,big spring,32.2504,-101.4787,75.11,48,40,12.66,US,1682445960
134,tash-kumyr,41.3461,72.2171,63.43,52,24,9.8,KG,1682445960
135,island harbour,50.724,-1.2758,50.94,63,100,7.0,GB,1682445960
136,isafjordur,66.0755,-23.124,32.04,55,40,14.97,IS,1682445780
137,filadelfia,39.9523,-75.1638,60.44,39,16,4.0,US,1682445791
138,kijang,35.2442,129.2139,49.73,86,90,4.18,KR,1682445961
139,murzuq,25.9155,13.9184,82.44,13,0,5.99,LY,1682445756
140,burang,30.25,81.1667,24.04,90,70,1.9,CN,1682445961
141,macau,22.2006,113.5461,67.8,72,40,17.27,MO,1682445962
142,katsuren-haebaru,26.3369,127.8719,71.62,77,100,8.05,JP,1682445962
143,choibalsan,48.0667,114.5,43.32,23,67,21.27,MN,1682445962
144,hawaiian paradise park,19.5933,-154.9731,76.89,87,0,4.61,US,1682445962
145,sinabang,2.4803,96.3801,81.57,77,94,3.71,ID,1682445963
146,castillos,-34.1667,-53.8333,67.64,86,98,4.61,UY,1682445912
147,gebeit,21.0667,36.3167,81.99,35,2,9.8,SD,1682445963
148,sucre,-19.0333,-65.2627,67.03,45,22,8.25,BO,1682445963
149,ambagarh chauki,20.7833,80.7167,77.43,53,87,7.81,IN,1682445963
150,novaya igirma,57.1334,103.9112,32.43,97,100,10.76,RU,1682445963
151,avarua,-21.2078,-159.775,71.65,94,64,3.44,CK,1682445964
152,yellowknife,62.456,-114.3525,43.32,56,75,11.5,CA,1682445744
153,east ballina,-28.8667,153.5833,60.8,74,53,13.02,AU,1682445964
154,udachny,66.4167,112.4,15.8,96,100,7.4,RU,1682445964
155,el abiodh sidi cheikh,32.893,0.5484,82.87,14,2,7.65,DZ,1682445964
156,inhambane,-23.865,35.3833,77.0,78,0,0.0,MZ,1682445965
157,vilyuchinsk,52.9306,158.4028,32.27,81,87,8.59,RU,1682445965
158,lata,40.1629,-8.3327,71.92,54,60,7.16,PT,1682445965
159,kideksha,56.4167,40.5167,52.14,90,100,6.85,RU,1682445965
160,akureyri,65.6835,-18.0878,31.93,59,75,8.05,IS,1682445965
161,adrar,20.5022,-10.0711,95.77,8,0,5.48,MR,1682445965
162,benguela,-12.5763,13.4055,80.42,85,100,4.21,AO,1682445966
163,yuzhno-kurilsk,44.0306,145.8556,38.3,88,100,11.56,RU,1682445837
164,ilulissat,69.2167,-51.1,37.42,56,75,2.3,GL,1682445966
165,praia da vitoria,38.7333,-27.0667,70.05,73,40,15.08,PT,1682445966
166,valdivia,-39.8142,-73.2459,51.89,68,100,3.09,CL,1682445741
167,remire-montjoly,4.9167,-52.2667,80.64,89,75,5.75,GF,1682445967
168,fale old settlement,-9.3852,-171.2468,83.68,74,98,10.13,TK,1682445967
169,puerto aysen,-45.4,-72.7,53.64,82,100,8.05,CL,1682445903
170,denov,38.2667,67.9,70.39,39,67,8.23,UZ,1682445967
171,codrington,-38.2667,141.9667,59.29,69,66,8.14,AU,1682445968
172,sitka,57.0531,-135.33,42.69,75,75,9.22,US,1682445968
173,lodwar,3.1191,35.5973,76.26,73,95,7.58,KE,1682445968
174,salalah,17.0151,54.0924,84.29,74,40,9.22,OM,1682445834
175,civitavecchia,42.0933,11.7967,62.6,65,88,11.12,IT,1682445968
176,margate,51.3813,1.3862,48.31,59,27,1.99,GB,1682445864
177,mejit,10.2753,170.8646,81.0,78,98,19.51,MH,1682445969
178,novaya ladoga,60.1025,32.3019,54.05,50,80,6.13,RU,1682445969
179,qaqortoq,60.7167,-46.0333,36.21,84,95,5.14,GL,1682445969
180,whistler,50.1164,-122.9695,46.56,70,100,0.0,CA,1682445969
181,molbergen,52.8667,7.9333,45.01,75,99,12.64,DE,1682445969
182,mwinilunga,-11.7358,24.4293,64.54,74,14,4.16,ZM,1682445969
183,jayapura,-2.5333,140.7,76.39,93,93,5.01,ID,1682445824
184,labrador city,52.9463,-66.9114,49.91,43,75,8.05,CA,1682445970
185,ketchikan,55.3422,-131.6461,45.07,65,100,11.5,US,1682445970
186,udalguri,26.7667,92.1333,75.27,48,11,4.45,IN,1682445970
187,thinadhoo,0.5333,72.9333,83.48,78,100,11.99,MV,1682445970
188,darwin,-12.4611,130.8418,78.78,86,100,5.75,AU,1682445971
189,notodden,59.5594,9.2585,41.76,80,79,2.46,NO,1682445971
190,den burg,53.0542,4.7972,45.0,71,75,8.05,NL,1682445971
191,nuuk,64.1835,-51.7216,34.41,93,75,16.11,GL,1682445971
192,kerema,-7.9631,145.7785,78.58,89,100,5.59,PG,1682445971
193,whitehorse,60.7161,-135.0538,35.02,55,20,9.22,CA,1682445918
194,bowen,-20.0167,148.2333,69.21,86,8,12.3,AU,1682445971
195,puerto baquerizo moreno,-0.9,-89.6,83.39,74,20,6.91,EC,1682445972
196,bykovo,55.6361,38.0803,58.55,87,0,4.47,RU,1682445972
197,la ciotat,43.1748,5.6045,71.47,49,63,17.65,FR,1682445972
198,kayangel,8.0823,134.7173,83.01,74,13,6.62,PW,1682445972
199,constantia,44.1833,28.65,54.7,90,98,8.66,RO,1682445711
200,dodge city,37.7528,-100.0171,47.25,91,100,21.85,US,1682445973
201,waterford,42.7023,-83.4027,41.63,90,100,0.0,US,1682445949
202,el bolson,-41.9667,-71.5167,51.87,89,100,4.0,AR,1682445973
203,daru,-9.0763,143.2092,79.27,88,100,11.12,PG,1682445973
204,yemel'yanovo,56.1681,92.6767,29.21,69,40,13.42,RU,1682445973
205,coquimbo,-29.9533,-71.3436,62.33,77,40,8.05,CL,1682445973
206,arno,60.1167,18.6333,41.63,93,100,3.31,SE,1682445974
207,ponta delgada,37.7333,-25.6667,65.12,94,75,8.05,PT,1682445974
208,la sarre,48.8002,-79.1996,33.33,99,100,5.06,CA,1682445974
209,san luis de la loma,17.2706,-100.8939,86.25,53,98,9.08,MX,1682445974
210,lebu,-37.6167,-73.65,58.84,73,100,4.74,CL,1682445974
211,rio claro,-22.4114,-47.5614,77.11,54,33,2.33,BR,1682445974
212,rockingham,42.9668,-71.0995,60.04,60,82,3.0,US,1682445975
213,novyy urgal,51.0736,132.5642,26.19,83,82,2.42,RU,1682445975
214,flying fish cove,-10.4217,105.6791,80.98,75,82,8.08,CX,1682445975
215,ixtapa,20.7,-105.2,79.83,54,40,10.36,MX,1682445862
216,kirakira,-10.4544,161.9205,78.62,82,54,4.43,SB,1682445922
217,amungan,15.3652,119.9582,80.24,78,15,3.06,PH,1682445746
218,patterson,37.4716,-121.1297,73.15,34,13,12.39,US,1682445787
219,angra do heroismo,38.65,-27.2167,70.41,93,40,5.01,PT,1682445868
220,kushiro,42.975,144.3747,40.82,76,100,11.74,JP,1682445976
221,holualoa,19.6228,-155.9522,76.78,72,0,4.61,US,1682445976
222,college,64.8569,-147.8028,24.75,46,40,9.22,US,1682445976
223,fortaleza,-3.7227,-38.5247,87.93,62,0,13.8,BR,1682445977
224,brumado,-14.2036,-41.6653,85.3,41,34,7.85,BR,1682445977
225,mayahi,13.9553,7.6712,94.08,16,34,3.24,NE,1682445977
226,geraldton,-28.7667,114.6,61.21,82,100,4.61,AU,1682445977
227,forster,-32.1667,152.5167,60.76,75,49,3.53,AU,1682445977
228,dudinka,69.4058,86.1778,34.63,99,100,8.7,RU,1682445977
229,havre de grace,39.5493,-76.0916,60.62,39,37,9.48,US,1682445978
230,hithadhoo,-0.6,73.0833,84.13,75,100,12.12,MV,1682445830
231,valparaiso,-33.0393,-71.6273,62.01,81,100,5.75,CL,1682445844
232,bel ombre,-4.6167,55.4167,82.24,83,20,3.44,SC,1682445978
233,nar'yan-mar,67.6713,53.087,21.4,88,9,12.44,RU,1682445978
234,jerantut,3.936,102.3626,74.28,97,100,0.43,MY,1682445978
235,villa gesell,-37.2639,-56.973,70.05,80,100,8.81,AR,1682445979
236,alofi,-19.0595,-169.9187,64.29,100,81,1.14,NU,1682445979
237,egilsstadir,65.2653,-14.3948,31.91,69,75,12.66,IS,1682445868
238,chinacota,7.6073,-72.6011,72.93,77,83,4.05,CO,1682445979
239,villa nueva,14.5269,-90.5875,82.42,58,40,8.01,GT,1682445979
240,zinjibar,13.1287,45.3807,83.79,70,37,8.97,YE,1682445979
241,opuwo,-18.0607,13.84,77.67,49,98,3.09,,1682445980
242,lacin,40.7702,34.8984,55.17,46,100,3.85,TR,1682445980
243,visby,57.6409,18.296,45.03,87,75,12.66,SE,1682445980
244,port-vila,-17.7338,168.3219,78.4,73,60,8.25,VU,1682445692
245,nicoya,10.1483,-85.452,95.45,39,20,0.45,CR,1682445980
246,ermenek,36.6404,32.8918,48.25,66,26,4.14,TR,1682445981
247,tofol,5.3248,163.0078,82.45,74,97,13.44,FM,1682445981
248,shwebo,22.5667,95.7,88.43,32,12,4.21,MM,1682445981
249,estacion coahuila,32.1939,-115.0017,82.47,31,0,2.46,MX,1682445981
250,tsiombe,-25.3,45.4833,66.92,75,98,5.73,MG,1682445982
251,katabu,-4.9333,122.5167,75.7,91,100,1.86,ID,1682445982
252,niteroi,-22.8833,-43.1036,85.62,71,20,13.8,BR,1682445842
253,minas de marcona,-15.2119,-75.1103,72.01,58,10,15.75,PE,1682445982
254,vyalikaya byerastavitsa,53.196,24.0166,52.66,92,98,6.73,BY,1682445982
255,igarka,67.4667,86.5833,28.36,97,100,11.21,RU,1682445828
256,tinghir,31.5157,-5.5343,80.2,20,48,6.31,MA,1682445983
257,ust'-ilimsk,58.0006,102.6619,30.96,93,100,9.35,RU,1682445983
258,medenine,33.355,10.5055,78.84,33,20,8.84,TN,1682445983
259,saint-joseph,-21.3667,55.6167,75.58,82,28,1.81,RE,1682445983
260,huanggang,23.677,116.9996,66.09,76,58,8.05,CN,1682445984
261,nanakuli,21.3906,-158.1547,77.04,76,100,10.36,US,1682445984
262,antofagasta,-23.65,-70.4,67.28,74,42,8.43,CL,1682445870
263,sola,-13.8833,167.55,80.19,76,76,6.58,VU,1682445984
264,san juan,-31.5375,-68.5364,79.38,26,57,7.56,AR,1682445838
265,urengoy,65.9667,78.3667,19.76,94,75,5.46,RU,1682445985
266,saint george's,12.0564,-61.7485,80.28,83,75,13.8,GD,1682445985
267,bloemfontein,-29.1211,26.214,62.08,55,0,2.3,ZA,1682445985
268,whakatane,-37.9585,176.9854,58.87,98,38,4.5,NZ,1682445985
269,lihue,21.9789,-159.3672,73.74,77,100,9.22,US,1682445985
270,aasiaat,68.7098,-52.8699,32.05,99,100,3.22,GL,1682445787
271,shambu,9.5667,37.1,55.76,81,89,3.33,ET,1682445985
272,chabahar,25.2919,60.643,78.15,56,78,6.29,IR,1682445929
273,port augusta,-32.5,137.7667,71.15,42,100,11.72,AU,1682445986
274,rome,34.257,-85.1647,71.38,38,40,4.0,US,1682445722
275,enewetak,11.3474,162.3373,79.39,82,100,16.06,MH,1682445986
276,nabire,-3.3667,135.4833,76.37,93,100,2.53,ID,1682445986
277,antalaha,-14.9003,50.2788,76.53,91,90,1.59,MG,1682445986
278,khairpur,27.5295,68.7617,82.4,12,100,4.63,PK,1682445987
279,fort bragg,35.139,-79.006,70.2,43,75,7.0,US,1682445987
280,ta`u,-14.2336,-169.5144,81.36,72,45,4.76,AS,1682445987
281,aksu,41.1231,80.2644,64.76,23,75,5.1,CN,1682445987
282,fort mcmurray,56.7268,-111.381,49.59,57,100,9.22,CA,1682445987
283,fuglafjordur,62.244,-6.814,36.07,63,100,19.04,FO,1682445988
284,hammerfest,70.6634,23.6821,34.25,69,75,0.0,NO,1682445988
285,gulf shores,30.246,-87.7008,81.43,66,0,8.05,US,1682445988
286,lerwick,60.1545,-1.1494,42.8,54,97,15.66,GB,1682445988
287,cuajinicuilapa,16.4667,-98.4167,93.0,35,66,8.99,MX,1682445988
288,muntok,-2.0667,105.1833,78.75,85,81,1.88,ID,1682445989
289,mount gambier,-37.8333,140.7667,58.78,69,78,7.27,AU,1682445800
290,santa marta,11.2408,-74.199,91.45,58,20,9.22,CO,1682445989
291,tarija,-21.5355,-64.7296,67.91,52,20,0.0,BO,1682445989
292,tanumah,27.1,44.1333,75.02,42,48,11.43,SA,1682445989
293,harrisburg,40.2737,-76.8844,56.55,40,100,8.05,US,1682445751
294,tucumcari,35.1717,-103.725,72.95,28,0,14.72,US,1682445990
295,bubaque,11.2833,-15.8333,78.69,71,1,21.3,GW,1682445990
296,barpeta road,26.5028,90.9694,75.52,53,30,5.17,IN,1682445990
297,luwuk,-0.9516,122.7875,78.39,89,73,1.86,ID,1682445990
298,new norfolk,-42.7826,147.0587,56.7,68,0,3.31,AU,1682445990
299,sao joao da barra,-21.6403,-41.0511,80.69,72,37,9.46,BR,1682445991
300,tralee,52.2704,-9.7026,50.25,66,20,9.22,IE,1682445991
301,gordonvale,-17.0936,145.7842,74.98,92,72,6.51,AU,1682445991
302,juhaynah,26.6732,31.4976,86.32,17,9,17.47,EG,1682445991
303,pitimbu,-7.4706,-34.8086,84.79,77,88,12.28,BR,1682445992
304,anadyr,64.75,177.4833,12.7,62,0,15.66,RU,1682445992
305,moree,-29.4667,149.85,56.14,72,0,9.64,AU,1682445736
306,isabela,6.7085,121.9711,77.05,82,89,2.17,PH,1682445992
307,kolonia,50.9333,6.95,50.97,51,40,6.91,DE,1682445889
308,cockburn town,21.4612,-71.1419,78.12,70,31,5.68,TC,1682445992
309,prado,-17.3411,-39.2208,81.03,68,47,7.65,BR,1682445924
310,susuman,62.7833,148.1667,8.96,99,94,3.2,RU,1682445993
311,grand falls-windsor,48.9332,-55.6649,38.5,82,93,3.0,CA,1682445993
312,fukuchiyama,35.3,135.1167,60.73,94,100,14.14,JP,1682445993
313,nhamunda,-2.1861,-56.7131,85.21,77,88,0.54,BR,1682445993
314,talodi,10.6325,30.3797,88.11,40,100,4.09,SD,1682445993
315,kidal,18.4411,1.4078,93.18,7,0,8.88,ML,1682445993
316,gazli,40.1333,63.45,73.58,22,20,19.93,UZ,1682445994
317,mbaiki,3.8678,17.9892,80.08,60,64,1.88,CF,1682445994
318,san antonio de pale,-1.4014,5.6325,83.23,73,100,10.85,GQ,1682445994
319,chinde,26.8418,88.0763,62.04,50,81,5.99,NP,1682445994
320,mtambile,-5.3833,39.7,80.69,82,33,14.0,TZ,1682445994
321,az zulfi,26.2995,44.8154,74.52,46,65,17.16,SA,1682445995
322,lupane,-18.9315,27.807,70.97,35,1,3.51,ZW,1682445995
323,springbok,-29.6643,17.8865,63.91,59,0,1.88,ZA,1682445995
324,konarka,19.9,86.1167,77.4,76,85,6.53,IN,1682445995
325,lagos,6.5833,3.75,88.12,80,96,7.76,NG,1682445995
326,akdagmadeni,39.6603,35.8836,49.73,46,91,3.24,TR,1682445995
327,usinsk,65.9939,57.5281,20.71,89,9,7.18,RU,1682445995
328,pangoa,-12.1167,-73.0,81.91,60,99,3.31,PE,1682445996
329,labytnangi,66.6572,66.4183,14.41,89,5,7.16,RU,1682445996
330,yurga,55.7231,84.8861,32.41,78,85,7.38,RU,1682445996
331,selfoss,63.9331,-20.9971,42.04,57,99,6.96,IS,1682445996
332,mossendjo,-2.9506,12.7261,70.61,99,94,4.7,CG,1682445996
333,saint john,45.2727,-66.0677,45.63,76,100,6.91,CA,1682445775
334,zag,46.9441,99.165,38.88,48,100,12.53,MN,1682445996
335,cabo san lucas,22.8909,-109.9124,83.61,46,0,9.22,MX,1682445955
336,kirkwood,38.5834,-90.4068,68.72,42,20,10.36,US,1682445997
337,kailua-kona,19.6406,-155.9956,80.51,72,0,4.61,US,1682445997
338,newman,37.3138,-121.0208,73.06,34,11,11.01,US,1682445997
339,aral,40.5156,81.2636,64.98,18,43,19.69,CN,1682445997
340,kawanoecho,34.0167,133.5667,57.58,98,100,4.43,JP,1682445998
341,la ronge,55.1001,-105.2842,39.45,56,100,12.66,CA,1682445998
342,yueyang,29.3333,113.0919,51.46,89,1,6.08,CN,1682445999
343,kone,-21.0595,164.8658,72.19,90,100,4.32,NC,1682445999
344,saint-pierre,-21.3393,55.4781,76.68,88,0,2.3,RE,1682445999
345,yaren,-0.5472,166.916,82.6,74,95,10.4,NR,1682445999
346,nemuro,43.3236,145.575,39.4,79,100,15.03,JP,1682445911
347,nova sintra,14.8667,-24.7167,68.45,73,1,19.71,CV,1682445999
348,vanino,49.0869,140.2543,35.87,84,100,5.88,RU,1682446000
349,shamakhi,40.6314,48.6414,56.01,83,99,1.21,AZ,1682446000
350,cannonvale,-20.2833,148.7,72.79,75,29,17.67,AU,1682446000
351,ujae,8.9322,165.7642,80.13,82,100,20.09,MH,1682446000
352,monduli,-3.3,36.45,66.36,81,98,6.51,TZ,1682446000
353,salinopolis,-0.6136,-47.3561,82.6,76,98,10.98,BR,1682445880
354,pustoshka,56.3355,29.369,51.28,76,44,9.04,RU,1682446000
355,borger,52.9233,6.7931,45.9,70,88,11.1,NL,1682446001
356,muli,2.9167,73.5667,84.4,73,98,7.36,MV,1682445834
357,yinchuan,38.4681,106.2731,58.6,19,0,6.82,CN,1682446001
358,lorengau,-2.0226,147.2712,82.02,80,56,7.7,PG,1682446001
359,agat village,13.3886,144.6585,81.54,91,75,9.22,GU,1682446001
360,al jawf,29.5,38.75,75.06,18,2,9.42,SA,1682446001
361,yantarnyy,54.8717,19.9381,44.46,80,100,13.69,RU,1682446001
362,fortuna,40.5982,-124.1573,60.93,73,86,1.99,US,1682446002
363,jobabo,20.9692,-76.2994,89.62,37,18,4.38,CU,1682446002
364,weno,7.4515,151.8468,80.55,89,100,3.44,FM,1682446002
365,llandudno,53.325,-3.8315,51.01,38,72,4.0,GB,1682446002
366,ejea de los caballeros,42.1263,-1.1372,73.62,46,92,13.62,ES,1682446002
367,qarazhal,48.0078,70.7903,55.13,39,63,6.02,KZ,1682446002
368,hasaki,35.7333,140.8333,57.6,74,100,18.5,JP,1682445751
369,daur,26.4583,68.3192,84.11,13,100,6.38,PK,1682446003
370,simanggang,1.2472,111.4528,73.63,99,97,0.81,MY,1682446003
371,khandyga,62.6667,135.6,18.91,97,94,2.53,RU,1682445815
372,palikir - national government center,6.9248,158.1611,81.63,78,95,12.86,FM,1682446003
373,peniche,39.3558,-9.3811,70.09,76,36,10.18,PT,1682446003
374,huambo,-12.7761,15.7392,65.44,72,97,2.13,AO,1682446004
375,la trinite,14.7376,-60.9629,82.45,60,75,4.61,MQ,1682446004
376,shenandoah,30.4013,-91.0009,78.91,60,74,1.99,US,1682446004
377,umm ruwaba,12.9061,31.2158,96.58,20,48,4.76,SD,1682446004
378,rongelap,11.1635,166.8941,76.23,90,100,6.76,MH,1682445903
379,lubang,13.8584,120.124,81.93,77,5,16.15,PH,1682445928
380,gero,-8.7039,121.1881,73.33,96,99,4.18,ID,1682446004
381,puerto armuelles,8.2833,-82.8667,85.53,67,12,6.67,PA,1682446005
382,olindina,-11.3667,-38.3333,85.05,52,67,10.89,BR,1682446005
383,mirny,62.5353,113.9611,21.45,96,100,5.26,RU,1682446005
384,luderitz,-26.6481,15.1594,63.81,82,0,15.32,,1682446005
385,dzhangala,49.2167,50.3333,56.93,79,100,5.19,KZ,1682446005
386,labuan,5.2767,115.2417,82.09,78,78,6.22,MY,1682446006
387,taoudenni,22.6783,-3.9836,98.38,6,0,13.2,ML,1682446006
388,changyon,38.2508,125.0961,44.51,79,86,15.08,KP,1682446006
389,crane,31.3974,-102.3501,76.96,29,24,8.95,US,1682446006
390,nahiyat al fuhud,30.9697,46.7228,82.31,20,0,9.37,IQ,1682446006
391,bamboo flat,11.7,92.7167,82.47,74,50,2.33,IN,1682446006
392,malango,-2.9627,119.9001,67.42,98,99,2.28,ID,1682446007
393,sorong,-0.8833,131.25,79.97,82,94,1.7,ID,1682445972
394,pyapon,16.2833,95.6833,84.36,66,42,9.75,MM,1682446007
395,tukrah,32.5341,20.5791,63.81,61,2,1.25,LY,1682446007
396,ballina,-28.8667,153.5667,60.78,75,53,12.24,AU,1682446007
397,maiduguri,11.8464,13.1603,95.77,15,87,10.13,NG,1682446007
398,antsiranana,-12.2787,49.2917,77.09,91,21,5.23,MG,1682446007
399,roxas,11.5853,122.7511,74.14,83,44,5.23,PH,1682445875
400,aoulef,26.9667,1.0833,92.16,10,0,12.62,DZ,1682446008
401,chul'man,56.8479,124.9104,-0.8,98,26,1.7,RU,1682446008
402,shingu,33.7333,135.9833,63.28,95,100,14.61,JP,1682445899
403,ust-tsilma,65.441,52.1498,19.49,99,35,2.44,RU,1682446008
404,olyokminsk,60.3736,120.4264,25.57,93,100,2.06,RU,1682446008
405,seaside,36.6111,-121.8516,63.91,77,20,4.61,US,1682445965
406,atafu village,-8.5421,-172.5159,83.89,75,81,11.83,TK,1682445794
407,thetford-mines,46.0937,-71.3054,39.52,97,100,3.62,CA,1682446009
408,ciudad guayana,8.3533,-62.6528,83.52,81,100,1.1,VE,1682446009
409,kavieng,-2.5744,150.7967,81.79,80,13,8.72,PG,1682445907
410,buka,40.8108,69.1986,65.34,44,0,0.76,UZ,1682446009
411,hede,33.7681,120.2517,50.88,84,79,6.78,CN,1682446010
412,doctor juan leon mallorquin,-25.4,-55.2667,73.13,94,94,3.06,PY,1682446010
413,peace river,56.2501,-117.286,46.71,39,75,26.46,CA,1682445822
414,pandan,14.0453,124.1694,78.89,85,49,8.81,PH,1682446010
415,bontang,0.1333,117.5,79.27,81,90,2.39,ID,1682446010
416,namsos,64.4662,11.4957,33.85,100,100,3.44,NO,1682445918
417,zalari,53.5584,102.5065,33.53,67,100,19.55,RU,1682446010
418,ciudad lazaro cardenas,17.9583,-102.2,84.6,55,89,9.93,MX,1682446011
419,mount pleasant,32.7941,-79.8626,74.12,57,0,14.97,US,1682445924
420,chernomorskoye,45.5039,32.6997,51.71,83,71,12.28,UA,1682446011
421,edmundston,47.3737,-68.3251,44.13,75,100,2.08,CA,1682446011
422,auriflama,-20.6856,-50.5547,82.2,55,17,5.7,BR,1682446011
423,tete,-16.1564,33.5867,77.09,65,0,6.91,MZ,1682446012
424,salto,-31.3833,-57.9667,68.16,88,75,7.0,UY,1682445724
425,kismayo,-0.3582,42.5454,82.8,75,100,10.0,SO,1682446012
426,arkhangel'sk,64.5401,40.5433,37.51,70,40,2.24,RU,1682446012
427,sebastopol,44.6,33.5333,55.0,43,15,3.0,UA,1682445730
428,general acha,-37.377,-64.6043,76.3,33,17,11.5,AR,1682446012
429,hirara,24.8,125.2833,72.39,83,97,15.05,JP,1682446012
430,blairgowrie,56.5916,-3.3405,48.02,49,100,1.99,GB,1682446013
431,port hedland,-20.3167,118.5667,77.05,100,100,4.61,AU,1682446013
432,chontalpa,17.7,-93.5167,95.0,38,89,4.41,MX,1682446013
433,g'uzor,38.6214,66.2522,66.24,28,12,4.56,UZ,1682446013
434,mahibadhoo,3.7833,72.9667,84.4,73,66,6.55,MV,1682446013
435,chonchi,-42.6128,-73.8092,53.11,99,100,1.3,CL,1682445769
436,novodvinsk,64.4165,40.8122,37.15,95,88,5.1,RU,1682446014
437,namibe,-15.1961,12.1522,75.27,77,58,6.38,AO,1682446014
438,lobito,-12.3481,13.5456,81.27,85,100,5.5,AO,1682446014
439,hilo,19.7297,-155.09,84.27,72,0,4.61,US,1682445855
440,kolosovka,56.4678,73.611,50.32,66,24,9.75,RU,1682446014
441,sao vicente,-23.9631,-46.3919,86.27,49,65,5.01,BR,1682446014
442,sur,22.5667,59.5289,78.64,66,60,9.82,OM,1682445840
443,coron,11.9986,120.2043,78.13,84,18,3.31,PH,1682446015
444,dongola,19.1667,30.4833,95.54,11,28,10.87,SD,1682446015
445,tikrit,34.6071,43.6782,76.6,31,11,2.53,IQ,1682446015
446,praia,14.9215,-23.5087,79.34,53,20,18.41,CV,1682446015
447,alice springs,-23.7,133.8833,54.95,82,10,6.42,AU,1682446015
448,ola,59.5833,151.2833,28.31,82,100,8.66,RU,1682446015
449,pantabangan,15.8113,121.1443,73.22,92,72,3.83,PH,1682446015
450,waingapu,-9.6567,120.2641,77.86,87,93,7.65,ID,1682446015
451,sathyamangalam,11.5167,77.25,80.78,74,100,1.81,IN,1682446016
452,al kharijah,25.4514,30.5464,80.64,12,63,9.64,EG,1682446016
453,erding,48.306,11.9069,45.73,87,20,11.5,DE,1682446016
454,marsassoum,12.8275,-15.9806,100.94,16,5,14.5,SN,1682446016
455,lashkar gah,31.5938,64.3716,80.13,16,98,7.81,AF,1682446016
456,seabra,-12.4186,-41.7703,83.91,31,6,8.37,BR,1682446016
457,punta del este,-34.9667,-54.95,75.31,86,75,4.61,UY,1682446016
458,san patricio,28.017,-97.5169,78.69,71,86,13.22,US,1682446017
459,lakatoro,-16.0999,167.4164,78.15,82,44,5.55,VU,1682446017
460,ebon,4.582,168.6964,80.26,83,100,14.14,MH,1682446017
461,coahuayana de hidalgo,18.7,-103.6583,90.07,40,91,7.45,MX,1682446017
462,kerikeri,-35.2268,173.9474,53.91,94,6,4.63,NZ,1682445894
463,yingkou,40.6648,122.2283,40.95,54,4,13.0,CN,1682446017
464,belomorsk,64.5232,34.7668,32.2,91,100,7.0,RU,1682446017
465,alesund,62.4723,6.1549,38.91,81,75,13.8,NO,1682446018
466,paphos,34.7667,32.4167,62.38,72,20,4.61,CY,1682445862
467,haiku-pauwela,20.9219,-156.3051,77.04,78,75,0.0,US,1682446018
468,son la,21.3167,103.9,63.9,96,48,3.58,VN,1682446018
469,uacu cungo,-11.3634,15.1208,64.58,92,67,2.3,AO,1682446018
470,nouadhibou,20.931,-17.0347,69.78,78,0,20.71,MR,1682445801
471,anandnagar,27.1,83.2833,80.01,27,3,5.53,IN,1682446018
472,mimizan,44.2006,-1.2289,63.93,96,100,6.33,FR,1682446018
473,anzio,41.4853,12.6179,63.36,81,77,10.58,IT,1682446019
474,huacho,-11.1067,-77.605,78.51,70,70,9.24,PE,1682445737
475,kamaishi,39.2667,141.8833,51.53,76,100,16.4,JP,1682446019
476,cadale,2.7603,46.3222,84.25,68,100,13.73,SO,1682446019
477,tulun,54.5611,100.5792,30.15,68,100,15.93,RU,1682446019
478,brisas de zicatela,15.8369,-97.0419,86.52,66,40,11.5,MX,1682446019
479,umarkot,25.3616,69.7362,86.95,37,100,14.5,PK,1682446019
480,kobryn,52.2138,24.3564,53.85,82,99,5.5,BY,1682446020
481,hoi an,15.8794,108.335,80.56,89,18,2.19,VN,1682446020
482,ilebo,-4.3167,20.5833,77.7,76,72,1.34,CD,1682446020
483,kande,9.9578,1.0447,90.54,40,65,6.29,TG,1682446020
484,caleta de carquin,-11.0925,-77.6267,78.21,71,69,9.28,PE,1682446020
485,irtyshsk,53.3333,75.4572,52.84,49,6,10.96,KZ,1682446020
486,howard springs,-12.497,131.047,78.71,95,99,9.15,AU,1682446021
487,qamdo,31.1667,97.2333,31.24,61,94,3.22,CN,1682446021
488,velyki kopani,46.4868,32.975,51.33,68,68,6.51,UA,1682446021
489,greymouth,-42.4667,171.2,55.8,82,70,15.37,NZ,1682445898
490,calvinia,-31.4707,19.776,66.04,45,0,3.56,ZA,1682446022
491,karratha,-20.7377,116.8463,78.15,42,100,8.77,AU,1682446022
492,waddan,29.1614,16.139,79.25,12,13,4.45,LY,1682446022
493,pekanbaru,0.5333,101.45,77.32,100,40,4.61,ID,1682445897
494,port douglas,-16.4833,145.4667,76.12,82,94,16.37,AU,1682445874
495,visakhapatnam,17.69,83.2093,82.29,83,40,2.3,IN,1682446022
496,glendive,47.1053,-104.7125,53.69,46,0,17.27,US,1682446023
497,kavaratti,10.5669,72.642,82.15,69,50,8.05,IN,1682446023
498,dalbandin,28.8947,64.4101,78.82,25,100,14.0,PK,1682446023
499,kratie,12.4881,106.0188,77.41,87,93,4.29,KH,1682446023
500,happy valley-goose bay,53.3168,-60.3315,52.02,56,85,5.35,CA,1682446023
501,amasra,41.7463,32.3863,58.96,64,100,6.49,TR,1682446023
502,vila franca do campo,37.7167,-25.4333,64.81,83,51,8.08,PT,1682446024
503,kruisfontein,-34.0033,24.7314,65.88,92,72,0.16,ZA,1682446024
504,abbeville,50.1,1.8333,50.49,70,84,6.53,FR,1682446024
505,rikaze,29.25,88.8833,42.82,32,84,4.79,CN,1682446024
506,toliara,-23.35,43.6667,72.0,77,47,14.63,MG,1682446024
507,malanje,-9.5402,16.341,67.93,91,82,1.88,AO,1682446025
508,magadan,59.5667,150.8,27.81,83,95,11.45,RU,1682446025
509,queenstown,-31.8976,26.8753,60.26,82,77,4.03,ZA,1682446025
510,tavricheskoye,54.5851,73.6395,49.91,51,18,9.6,RU,1682446025
511,xining,36.6167,101.7667,47.41,22,20,3.38,CN,1682446025
512,santana,-0.0583,-51.1817,89.78,66,75,11.5,BR,1682445965
513,ivdel',60.6911,60.4206,49.64,81,22,3.13,RU,1682446026
514,noyabrsk,63.1994,75.4507,25.65,96,89,4.81,RU,1682446026
515,carnarvon,-24.8667,113.6333,65.08,58,49,15.03,AU,1682446026
516,hancheng,32.5186,112.3522,52.83,89,0,6.4,CN,1682446027
517,zheleznodorozhnyy,55.7503,38.0042,61.21,72,100,7.16,RU,1682446027
518,mopti,14.6667,-4.0,101.35,8,2,12.84,ML,1682445747
519,chu,43.5983,73.7614,57.56,39,1,17.98,KZ,1682446027
520,bria,6.5423,21.9863,78.24,63,43,5.19,CF,1682446028
521,dikhil,11.5,42.1667,84.54,54,2,7.74,DJ,1682446028
522,diyarb najm,30.7542,31.4393,63.73,47,0,8.77,EG,1682446028
523,rio verde de mato grosso,-18.9181,-54.8442,83.98,62,4,5.26,BR,1682446028
524,bikenibeu village,1.3673,173.1241,78.76,89,75,2.3,KI,1682446029
525,dubti,11.7361,41.0853,95.68,32,21,10.18,ET,1682446029
526,sydney mines,46.2367,-60.2177,51.19,72,97,8.01,CA,1682446029
527,duba,27.3513,35.6901,77.79,48,1,8.28,SA,1682446029
528,lethem,3.3803,-59.7968,74.66,92,100,3.8,GY,1682446030
529,nuku'alofa,-21.1333,-175.2,77.61,75,100,18.84,TO,1682446030
530,fauske,67.2588,15.3918,39.24,62,100,4.05,NO,1682446030
531,villa garcia,22.1667,-101.95,77.11,7,30,9.19,MX,1682446030
532,manggar,-2.8833,108.2667,79.66,82,81,3.96,ID,1682446031
533,sabzevar,36.2126,57.6819,76.68,19,73,19.3,IR,1682446031
534,bahawalnagar,30.5508,73.3908,80.83,16,77,3.36,PK,1682446031
535,ashburton,-37.8626,145.0794,59.29,86,83,1.01,AU,1682446031
536,palestine,31.9216,35.2033,58.35,81,0,4.5,PS,1682445897
537,alanya,36.5438,31.9998,60.93,76,48,3.85,TR,1682446031
538,polyarnyye zori,67.3661,32.4981,26.78,95,92,1.81,RU,1682446032
539,el jadid,33.2549,-8.506,70.21,67,0,16.46,MA,1682446032
540,zambezi,-13.5432,23.1047,69.08,55,37,4.27,ZM,1682446032
541,vadso,70.0744,29.7487,33.96,69,0,13.8,NO,1682446032
542,dawson creek,55.7666,-120.2362,43.57,44,18,21.83,CA,1682446032
543,robore,-18.3333,-59.75,84.38,61,18,5.53,BO,1682446033
544,lexington,37.9887,-84.4777,60.91,31,0,8.05,US,1682445752
545,bukama,-9.2,25.85,73.81,87,80,0.89,CD,1682446033
546,lesnikovo,55.2822,65.3175,57.87,43,1,5.48,RU,1682446033
547,murun-kuren,49.6342,100.1625,40.17,61,99,13.42,MN,1682446033
548,ghat,24.9647,10.1728,85.68,16,55,6.87,LY,1682446034
549,isangel,-19.55,169.2667,77.27,76,87,4.56,VU,1682446034
550,revda,56.801,59.9303,51.44,65,58,3.76,RU,1682445844
551,ulladulla,-35.35,150.4667,57.56,92,8,4.16,AU,1682445880
552,tazovsky,67.4667,78.7,16.27,94,68,6.91,RU,1682446034
553,suva,-18.1416,178.4415,72.88,100,40,3.44,FJ,1682446035
554,rio gallegos,-51.6226,-69.2181,51.85,37,20,24.16,AR,1682446035
555,tindouf,27.6711,-8.1474,96.53,8,22,10.98,DZ,1682446035
556,kon tum,14.35,108.0,68.43,97,100,3.91,VN,1682446035
557,grove,51.6095,-1.4219,52.16,45,0,6.91,GB,1682446035
558,colac,-38.3333,143.5833,61.83,81,34,2.93,AU,1682446035
559,yanchep,-31.55,115.6833,62.62,67,97,20.04,AU,1682446035
560,tullins,45.2986,5.4861,57.49,59,0,9.22,FR,1682446035
561,mazatan,14.8667,-92.45,91.47,55,0,11.5,MX,1682446036
562,lamu,-2.2717,40.902,80.82,83,100,11.83,KE,1682446036
563,manaure,11.7751,-72.4445,85.55,58,27,13.33,CO,1682446036
564,la'ie,21.6477,-157.9253,77.05,82,95,13.65,US,1682446037
565,nema,57.5067,50.5011,57.51,60,100,6.08,RU,1682446037
566,honefoss,60.168,10.2565,39.15,95,100,6.98,NO,1682446037
567,kristiansund,63.1115,7.732,37.45,87,75,4.61,NO,1682446037
568,puerto colombia,10.9878,-74.9547,93.29,73,26,16.37,CO,1682445796
569,cangucu,-31.395,-52.6756,74.41,63,89,8.66,BR,1682446037
570,taksimo,56.3444,114.8794,22.98,76,85,1.79,RU,1682446038
571,lincheng,19.9078,109.6858,71.2,86,100,7.85,CN,1682446038
572,coari,-4.085,-63.1414,84.54,62,86,2.19,BR,1682445839
573,brak,27.5496,14.2714,82.89,17,0,10.6,LY,1682446038
574,marina di carrara,44.0384,10.0414,63.0,89,67,1.99,IT,1682446038
575,cabedelo,-6.9811,-34.8339,84.87,83,97,12.37,BR,1682446039
576,winnemucca,40.973,-117.7357,51.85,30,0,3.44,US,1682446039
577,irymple,-34.25,142.1667,64.53,54,100,10.09,AU,1682446039
578,bayang,7.7928,124.1917,69.15,94,84,2.28,PH,1682445924
